{"cameraMode":{"drawMode":0,"name":"Shaded","section":"Shading Mode"},"sceneLighting":true,"audioPlay":false,"sceneViewState":{"m_AlwaysRefresh":false,"showFog":true,"showSkybox":true,"showFlares":true,"showImageEffects":true,"showParticleSystems":true,"showVisualEffectGraphs":true,"m_FxEnabled":true},"in2DMode":false,"pivot":{"x":22.023693084716798,"y":2.6517016887664797,"z":8.708651542663575},"rotation":{"x":0.16788871586322785,"y":0.5979971289634705,"z":-0.12989842891693116,"w":0.7728994488716126},"size":0.8323191404342651,"orthographic":false}