{"cameraMode":{"drawMode":0,"name":"Shaded","section":"Shading Mode"},"sceneLighting":true,"audioPlay":false,"sceneViewState":{"m_AlwaysRefresh":false,"showFog":true,"showSkybox":true,"showFlares":true,"showImageEffects":true,"showParticleSystems":true,"showVisualEffectGraphs":true,"m_FxEnabled":true},"in2DMode":false,"pivot":{"x":12.914505004882813,"y":1.1847916841506959,"z":5.015151500701904},"rotation":{"x":0.00306705292314291,"y":-0.9558370113372803,"z":-0.010039075277745724,"w":-0.2937958240509033},"size":0.20773790776729585,"orthographic":false}