{"cameraMode":{"drawMode":0,"name":"Shaded","section":"Shading Mode"},"sceneLighting":true,"audioPlay":false,"sceneViewState":{"m_AlwaysRefresh":false,"showFog":true,"showSkybox":true,"showFlares":true,"showImageEffects":true,"showParticleSystems":true,"showVisualEffectGraphs":true,"m_FxEnabled":false},"in2DMode":false,"pivot":{"x":21.054161071777345,"y":1.2506145238876343,"z":6.492267608642578},"rotation":{"x":-0.05065366253256798,"y":-0.5728060007095337,"z":0.03745347633957863,"w":-0.8176050186157227},"size":0.021025119349360467,"orthographic":false}