{"cameraMode":{"drawMode":0,"name":"Shaded","section":"Shading Mode"},"sceneLighting":true,"audioPlay":false,"sceneViewState":{"m_AlwaysRefresh":false,"showFog":true,"showSkybox":true,"showFlares":true,"showImageEffects":true,"showParticleSystems":true,"showVisualEffectGraphs":true,"m_FxEnabled":true},"in2DMode":false,"pivot":{"x":43.619808197021487,"y":6.180207252502441,"z":-0.8789024353027344},"rotation":{"x":0.014749407768249512,"y":-0.7547885775566101,"z":-0.016976812854409219,"w":-0.6556118726730347},"size":22.137287139892579,"orthographic":false}