{"cameraMode":{"drawMode":0,"name":"Shaded","section":"Shading Mode"},"sceneLighting":true,"audioPlay":false,"sceneViewState":{"m_AlwaysRefresh":false,"showFog":true,"showSkybox":true,"showFlares":true,"showImageEffects":true,"showParticleSystems":true,"showVisualEffectGraphs":true,"m_FxEnabled":true},"in2DMode":false,"pivot":{"x":16.33924102783203,"y":0.23374685645103455,"z":-2.2082228660583498},"rotation":{"x":-0.38054004311561587,"y":-0.3433191478252411,"z":0.15470565855503083,"w":-0.8446590900421143},"size":1.264386773109436,"orthographic":false}