{"cameraMode":{"drawMode":0,"name":"Shaded","section":"Shading Mode"},"sceneLighting":true,"audioPlay":false,"sceneViewState":{"m_AlwaysRefresh":false,"showFog":true,"showSkybox":true,"showFlares":true,"showImageEffects":true,"showParticleSystems":true,"showVisualEffectGraphs":true,"m_FxEnabled":true},"in2DMode":false,"pivot":{"x":16.14181900024414,"y":2.0608062744140627,"z":-1.5807949304580689},"rotation":{"x":0.0056272889487445358,"y":0.9734463095664978,"z":-0.02426367625594139,"w":0.2277257889509201},"size":1.7417103052139283,"orthographic":false}