{"cameraMode":{"drawMode":0,"name":"Shaded","section":"Shading Mode"},"sceneLighting":true,"audioPlay":false,"sceneViewState":{"m_AlwaysRefresh":false,"showFog":true,"showSkybox":true,"showFlares":true,"showImageEffects":true,"showParticleSystems":true,"showVisualEffectGraphs":true,"m_FxEnabled":true},"in2DMode":false,"pivot":{"x":355.830810546875,"y":469.79541015625,"z":124.77349853515625},"rotation":{"x":0.018301093950867654,"y":0.0047664218582212929,"z":-0.00011937258386751637,"w":0.9998586177825928},"size":212.42092895507813,"orthographic":true}