{"cameraMode":{"drawMode":0,"name":"Shaded","section":"Shading Mode"},"sceneLighting":true,"audioPlay":false,"sceneViewState":{"m_AlwaysRefresh":false,"showFog":true,"showSkybox":true,"showFlares":true,"showImageEffects":true,"showParticleSystems":true,"showVisualEffectGraphs":true,"m_FxEnabled":true},"in2DMode":false,"pivot":{"x":9.35991096496582,"y":-0.8700094223022461,"z":26.339027404785158},"rotation":{"x":-0.14809773862361909,"y":0.10061140358448029,"z":-0.018425703048706056,"w":-0.9840942025184631},"size":5.345229148864746,"orthographic":false}