{"cameraMode":{"drawMode":0,"name":"Shaded","section":"Shading Mode"},"sceneLighting":true,"audioPlay":false,"sceneViewState":{"m_AlwaysRefresh":false,"showFog":true,"showSkybox":true,"showFlares":true,"showImageEffects":true,"showParticleSystems":true,"showVisualEffectGraphs":true,"m_FxEnabled":false},"in2DMode":false,"pivot":{"x":21.501001358032228,"y":1.7451194524765015,"z":28.156757354736329},"rotation":{"x":-0.009204594418406487,"y":0.9889695048332214,"z":-0.10450821369886399,"w":-0.1327570080757141},"size":1.1489124298095704,"orthographic":false}