{"cameraMode":{"drawMode":0,"name":"Shaded","section":"Shading Mode"},"sceneLighting":true,"audioPlay":false,"sceneViewState":{"m_AlwaysRefresh":false,"showFog":true,"showSkybox":true,"showFlares":true,"showImageEffects":true,"showParticleSystems":true,"showVisualEffectGraphs":true,"m_FxEnabled":true},"in2DMode":false,"pivot":{"x":14.202945709228516,"y":1.2828937768936158,"z":13.897823333740235},"rotation":{"x":-0.023849455639719964,"y":-0.9851910471916199,"z":-0.10396257787942887,"w":0.1499057412147522},"size":0.9966356158256531,"orthographic":false}